insert into golf.golf (id, name) values (1, 'Cely');
insert into golf.golf (id, name) values (2, 'Coudray');
insert into golf.golf (id, name) values (3, 'Etiolles');
insert into golf.golf (id, name) values (4, 'Fontainebleau');
insert into golf.golf (id, name) values (5, 'Lesigny');
insert into golf.golf (id, name) values (6, 'Forteresse');
insert into golf.golf (id, name) values (7, 'Marivaux');

insert into golf.parcours (id, name, golf_id) values (1, 'principal', 1);
insert into golf.parcours (id, name, golf_id) values (2, 'principal', 2);
insert into golf.parcours (id, name, golf_id) values (3, 'principal', 3);
insert into golf.parcours (id, name, golf_id) values (4, 'secondaire', 3);
insert into golf.parcours (id, name, golf_id) values (5, 'principal', 4);
insert into golf.parcours (id, name, golf_id) values (6, 'secondaire', 4);
insert into golf.parcours (id, name, golf_id) values (7, 'principal', 5);
insert into golf.parcours (id, name, golf_id) values (8, 'principal', 6);
insert into golf.parcours (id, name, golf_id) values (9, 'principal', 7);

insert into golf.trou (id, name, numtrou, par, parcours_id) values (1, '', 1, 5, 1);
insert into golf.trou (id, name, numtrou, par, parcours_id) values (2, '', 2, 4, 1);
insert into golf.trou (id, name, numtrou, par, parcours_id) values (3, ' ', 3, 4, 1);
insert into golf.trou (id, name, numtrou, par, parcours_id) values (4, ' ', 4, 4, 1);
insert into golf.trou (id, name, numtrou, par, parcours_id) values (5, ' ', 5, 3, 1);
insert into golf.trou (id, name, numtrou, par, parcours_id) values (6, ' ', 6, 5, 1);
insert into golf.trou (id, name, numtrou, par, parcours_id) values (7, ' ', 7, 3, 1);
insert into golf.trou (id, name, numtrou, par, parcours_id) values (8, ' ', 8, 4, 1);
insert into golf.trou (id, name, numtrou, par, parcours_id) values (9, ' ', 9, 4, 1);
insert into golf.trou (id, name, numtrou, par, parcours_id) values (10, ' ', 10, 5, 1);
insert into golf.trou (id, name, numtrou, par, parcours_id) values (11, ' ', 11, 4, 1);
insert into golf.trou (id, name, numtrou, par, parcours_id) values (12, ' ', 12, 3, 1);
insert into golf.trou (id, name, numtrou, par, parcours_id) values (13, ' ', 13, 4, 1);
insert into golf.trou (id, name, numtrou, par, parcours_id) values (14, ' ', 14, 4, 1);
insert into golf.trou (id, name, numtrou, par, parcours_id) values (15, ' ', 15, 5, 1);
insert into golf.trou (id, name, numtrou, par, parcours_id) values (16, ' ', 16, 4, 1);
insert into golf.trou (id, name, numtrou, par, parcours_id) values (17, ' ', 17, 3, 1);
insert into golf.trou (id, name, numtrou, par, parcours_id) values (18, '', 18, 4, 1);
insert into golf.trou (id, name, numtrou, par, parcours_id) values (19, null, 1, 4, 2);
insert into golf.trou (id, name, numtrou, par, parcours_id) values (20, null, 2, 4, 2);
insert into golf.trou (id, name, numtrou, par, parcours_id) values (21, null, 3, 3, 2);
insert into golf.trou (id, name, numtrou, par, parcours_id) values (22, null, 4, 5, 2);
insert into golf.trou (id, name, numtrou, par, parcours_id) values (23, null, 5, 4, 2);
insert into golf.trou (id, name, numtrou, par, parcours_id) values (24, null, 6, 4, 2);
insert into golf.trou (id, name, numtrou, par, parcours_id) values (25, null, 7, 4, 2);
insert into golf.trou (id, name, numtrou, par, parcours_id) values (26, null, 8, 5, 2);
insert into golf.trou (id, name, numtrou, par, parcours_id) values (27, null, 9, 3, 2);
insert into golf.trou (id, name, numtrou, par, parcours_id) values (28, null, 10, 4, 2);
insert into golf.trou (id, name, numtrou, par, parcours_id) values (29, null, 11, 4, 2);
insert into golf.trou (id, name, numtrou, par, parcours_id) values (30, null, 12, 5, 2);
insert into golf.trou (id, name, numtrou, par, parcours_id) values (31, null, 13, 4, 2);
insert into golf.trou (id, name, numtrou, par, parcours_id) values (32, null, 14, 3, 2);
insert into golf.trou (id, name, numtrou, par, parcours_id) values (33, null, 15, 4, 2);
insert into golf.trou (id, name, numtrou, par, parcours_id) values (34, null, 16, 4, 2);
insert into golf.trou (id, name, numtrou, par, parcours_id) values (35, null, 17, 3, 2);
insert into golf.trou (id, name, numtrou, par, parcours_id) values (36, null, 18, 4, 2);
insert into golf.trou (id, name, numtrou, par, parcours_id) values (37, null, 1, 5, 3);
insert into golf.trou (id, name, numtrou, par, parcours_id) values (38, null, 2, 4, 3);
insert into golf.trou (id, name, numtrou, par, parcours_id) values (39, null, 3, 4, 3);
insert into golf.trou (id, name, numtrou, par, parcours_id) values (40, null, 4, 4, 3);
insert into golf.trou (id, name, numtrou, par, parcours_id) values (41, null, 5, 3, 3);
insert into golf.trou (id, name, numtrou, par, parcours_id) values (42, null, 6, 5, 3);
insert into golf.trou (id, name, numtrou, par, parcours_id) values (43, null, 7, 4, 3);
insert into golf.trou (id, name, numtrou, par, parcours_id) values (44, null, 8, 5, 3);
insert into golf.trou (id, name, numtrou, par, parcours_id) values (45, null, 9, 3, 3);
insert into golf.trou (id, name, numtrou, par, parcours_id) values (46, null, 10, 4, 3);
insert into golf.trou (id, name, numtrou, par, parcours_id) values (47, null, 11, 4, 3);
insert into golf.trou (id, name, numtrou, par, parcours_id) values (48, null, 12, 4, 3);
insert into golf.trou (id, name, numtrou, par, parcours_id) values (49, null, 13, 5, 3);
insert into golf.trou (id, name, numtrou, par, parcours_id) values (50, null, 14, 4, 3);
insert into golf.trou (id, name, numtrou, par, parcours_id) values (51, null, 15, 3, 3);
insert into golf.trou (id, name, numtrou, par, parcours_id) values (52, null, 16, 4, 3);
insert into golf.trou (id, name, numtrou, par, parcours_id) values (53, null, 17, 3, 3);
insert into golf.trou (id, name, numtrou, par, parcours_id) values (54, null, 18, 4, 3);
insert into golf.trou (id, name, numtrou, par, parcours_id) values (55, null, 1, 5, 3);
insert into golf.trou (id, name, numtrou, par, parcours_id) values (56, null, 2, 4, 3);
insert into golf.trou (id, name, numtrou, par, parcours_id) values (57, null, 3, 4, 3);
insert into golf.trou (id, name, numtrou, par, parcours_id) values (58, null, 4, 4, 3);
insert into golf.trou (id, name, numtrou, par, parcours_id) values (59, null, 5, 3, 3);
insert into golf.trou (id, name, numtrou, par, parcours_id) values (60, null, 6, 5, 3);
insert into golf.trou (id, name, numtrou, par, parcours_id) values (61, null, 7, 4, 3);
insert into golf.trou (id, name, numtrou, par, parcours_id) values (62, null, 8, 5, 3);
insert into golf.trou (id, name, numtrou, par, parcours_id) values (63, null, 9, 3, 3);
insert into golf.trou (id, name, numtrou, par, parcours_id) values (64, null, 10, 4, 3);
insert into golf.trou (id, name, numtrou, par, parcours_id) values (65, null, 11, 4, 3);
insert into golf.trou (id, name, numtrou, par, parcours_id) values (66, null, 12, 4, 3);
insert into golf.trou (id, name, numtrou, par, parcours_id) values (67, null, 13, 5, 3);
insert into golf.trou (id, name, numtrou, par, parcours_id) values (68, null, 14, 4, 3);
insert into golf.trou (id, name, numtrou, par, parcours_id) values (69, null, 15, 3, 3);
insert into golf.trou (id, name, numtrou, par, parcours_id) values (70, null, 16, 5, 3);
insert into golf.trou (id, name, numtrou, par, parcours_id) values (71, null, 17, 3, 3);
insert into golf.trou (id, name, numtrou, par, parcours_id) values (72, null, 18, 4, 3);
insert into golf.trou (id, name, numtrou, par, parcours_id) values (73, null, 1, 5, 4);
insert into golf.trou (id, name, numtrou, par, parcours_id) values (74, null, 2, 4, 4);
insert into golf.trou (id, name, numtrou, par, parcours_id) values (75, null, 3, 4, 4);
insert into golf.trou (id, name, numtrou, par, parcours_id) values (76, null, 4, 4, 4);
insert into golf.trou (id, name, numtrou, par, parcours_id) values (77, null, 5, 3, 4);
insert into golf.trou (id, name, numtrou, par, parcours_id) values (78, null, 6, 5, 4);
insert into golf.trou (id, name, numtrou, par, parcours_id) values (79, null, 7, 4, 4);
insert into golf.trou (id, name, numtrou, par, parcours_id) values (80, null, 8, 5, 4);
insert into golf.trou (id, name, numtrou, par, parcours_id) values (81, null, 9, 3, 4);
insert into golf.trou (id, name, numtrou, par, parcours_id) values (82, null, 10, 4, 4);
insert into golf.trou (id, name, numtrou, par, parcours_id) values (83, null, 11, 4, 4);
insert into golf.trou (id, name, numtrou, par, parcours_id) values (84, null, 12, 4, 4);
insert into golf.trou (id, name, numtrou, par, parcours_id) values (85, null, 13, 5, 4);
insert into golf.trou (id, name, numtrou, par, parcours_id) values (86, null, 14, 4, 4);
insert into golf.trou (id, name, numtrou, par, parcours_id) values (87, null, 15, 3, 4);
insert into golf.trou (id, name, numtrou, par, parcours_id) values (88, null, 16, 5, 4);
insert into golf.trou (id, name, numtrou, par, parcours_id) values (89, null, 17, 3, 4);
insert into golf.trou (id, name, numtrou, par, parcours_id) values (90, null, 18, 4, 4);
insert into golf.trou (id, name, numtrou, par, parcours_id) values (91, null, 1, 4, 4);
insert into golf.trou (id, name, numtrou, par, parcours_id) values (92, null, 2, 3, 4);
insert into golf.trou (id, name, numtrou, par, parcours_id) values (93, null, 3, 5, 4);
insert into golf.trou (id, name, numtrou, par, parcours_id) values (94, null, 4, 4, 4);
insert into golf.trou (id, name, numtrou, par, parcours_id) values (95, null, 5, 4, 4);
insert into golf.trou (id, name, numtrou, par, parcours_id) values (96, null, 6, 4, 4);
insert into golf.trou (id, name, numtrou, par, parcours_id) values (97, null, 7, 3, 4);
insert into golf.trou (id, name, numtrou, par, parcours_id) values (98, null, 8, 5, 4);
insert into golf.trou (id, name, numtrou, par, parcours_id) values (99, null, 9, 4, 4);
insert into golf.trou (id, name, numtrou, par, parcours_id) values (100, null, 10, 3, 4);
insert into golf.trou (id, name, numtrou, par, parcours_id) values (101, null, 11, 5, 4);
insert into golf.trou (id, name, numtrou, par, parcours_id) values (102, null, 12, 5, 4);
insert into golf.trou (id, name, numtrou, par, parcours_id) values (103, null, 13, 4, 4);
insert into golf.trou (id, name, numtrou, par, parcours_id) values (104, null, 14, 3, 4);
insert into golf.trou (id, name, numtrou, par, parcours_id) values (105, null, 15, 4, 4);
insert into golf.trou (id, name, numtrou, par, parcours_id) values (106, null, 16, 4, 4);
insert into golf.trou (id, name, numtrou, par, parcours_id) values (107, null, 17, 4, 4);
insert into golf.trou (id, name, numtrou, par, parcours_id) values (108, null, 18, 4, 4);
insert into golf.trou (id, name, numtrou, par, parcours_id) values (109, null, 1, 4, 5);
insert into golf.trou (id, name, numtrou, par, parcours_id) values (110, null, 2, 5, 5);
insert into golf.trou (id, name, numtrou, par, parcours_id) values (111, null, 3, 3, 5);
insert into golf.trou (id, name, numtrou, par, parcours_id) values (112, null, 4, 4, 5);
insert into golf.trou (id, name, numtrou, par, parcours_id) values (113, null, 5, 5, 5);
insert into golf.trou (id, name, numtrou, par, parcours_id) values (114, null, 6, 3, 5);
insert into golf.trou (id, name, numtrou, par, parcours_id) values (115, null, 7, 4, 5);
insert into golf.trou (id, name, numtrou, par, parcours_id) values (116, null, 8, 4, 5);
insert into golf.trou (id, name, numtrou, par, parcours_id) values (117, null, 9, 4, 5);
insert into golf.trou (id, name, numtrou, par, parcours_id) values (118, null, 10, 3, 5);
insert into golf.trou (id, name, numtrou, par, parcours_id) values (119, null, 11, 4, 5);
insert into golf.trou (id, name, numtrou, par, parcours_id) values (120, null, 12, 4, 5);
insert into golf.trou (id, name, numtrou, par, parcours_id) values (121, null, 13, 5, 5);
insert into golf.trou (id, name, numtrou, par, parcours_id) values (122, null, 14, 5, 5);
insert into golf.trou (id, name, numtrou, par, parcours_id) values (123, null, 15, 4, 5);
insert into golf.trou (id, name, numtrou, par, parcours_id) values (124, null, 16, 4, 5);
insert into golf.trou (id, name, numtrou, par, parcours_id) values (125, null, 17, 3, 5);
insert into golf.trou (id, name, numtrou, par, parcours_id) values (126, null, 18, 4, 5);
insert into golf.trou (id, name, numtrou, par, parcours_id) values (127, null, 1, 4, 6);
insert into golf.trou (id, name, numtrou, par, parcours_id) values (128, null, 2, 5, 6);
insert into golf.trou (id, name, numtrou, par, parcours_id) values (129, null, 3, 3, 6);
insert into golf.trou (id, name, numtrou, par, parcours_id) values (130, null, 4, 5, 6);
insert into golf.trou (id, name, numtrou, par, parcours_id) values (131, null, 5, 3, 6);
insert into golf.trou (id, name, numtrou, par, parcours_id) values (132, null, 6, 4, 6);
insert into golf.trou (id, name, numtrou, par, parcours_id) values (133, null, 7, 4, 6);
insert into golf.trou (id, name, numtrou, par, parcours_id) values (134, null, 8, 5, 6);
insert into golf.trou (id, name, numtrou, par, parcours_id) values (135, null, 9, 4, 6);
insert into golf.trou (id, name, numtrou, par, parcours_id) values (136, null, 10, 4, 6);
insert into golf.trou (id, name, numtrou, par, parcours_id) values (137, null, 11, 4, 6);
insert into golf.trou (id, name, numtrou, par, parcours_id) values (138, null, 12, 5, 6);
insert into golf.trou (id, name, numtrou, par, parcours_id) values (139, null, 13, 4, 6);
insert into golf.trou (id, name, numtrou, par, parcours_id) values (140, null, 14, 3, 6);
insert into golf.trou (id, name, numtrou, par, parcours_id) values (141, null, 15, 4, 6);
insert into golf.trou (id, name, numtrou, par, parcours_id) values (142, null, 16, 3, 6);
insert into golf.trou (id, name, numtrou, par, parcours_id) values (143, null, 17, 4, 6);
insert into golf.trou (id, name, numtrou, par, parcours_id) values (144, null, 18, 4, 6);
insert into golf.trou (id, name, numtrou, par, parcours_id) values (145, null, 1, 4, 7);
insert into golf.trou (id, name, numtrou, par, parcours_id) values (146, null, 2, 4, 7);
insert into golf.trou (id, name, numtrou, par, parcours_id) values (147, null, 3, 3, 7);
insert into golf.trou (id, name, numtrou, par, parcours_id) values (148, null, 4, 5, 7);
insert into golf.trou (id, name, numtrou, par, parcours_id) values (149, null, 5, 4, 7);
insert into golf.trou (id, name, numtrou, par, parcours_id) values (150, null, 6, 4, 7);
insert into golf.trou (id, name, numtrou, par, parcours_id) values (151, null, 7, 5, 7);
insert into golf.trou (id, name, numtrou, par, parcours_id) values (152, null, 8, 3, 7);
insert into golf.trou (id, name, numtrou, par, parcours_id) values (153, null, 9, 4, 7);
insert into golf.trou (id, name, numtrou, par, parcours_id) values (154, null, 10, 4, 7);
insert into golf.trou (id, name, numtrou, par, parcours_id) values (155, null, 11, 3, 7);
insert into golf.trou (id, name, numtrou, par, parcours_id) values (156, null, 12, 4, 7);
insert into golf.trou (id, name, numtrou, par, parcours_id) values (157, null, 13, 5, 7);
insert into golf.trou (id, name, numtrou, par, parcours_id) values (158, null, 14, 4, 7);
insert into golf.trou (id, name, numtrou, par, parcours_id) values (159, null, 15, 4, 7);
insert into golf.trou (id, name, numtrou, par, parcours_id) values (160, null, 16, 5, 7);
insert into golf.trou (id, name, numtrou, par, parcours_id) values (161, null, 17, 3, 7);
insert into golf.trou (id, name, numtrou, par, parcours_id) values (162, null, 18, 4, 7);